Land;Technologie;2020;2021;2022;2023;2024;2025;2026;2027;2028;2029;2030;2031;2032;2033;2034;2035;2036;2037;2038;2039;2040
Österreich;Biomass;0.0;0.0;0.0;0.0;0.0;150520.0382797733;165087.5854841938;180735.58731335698;197535.67036172593;215563.9227466484;234901.1611941588;253095.87613665464;272522.80967041466;293259.6968672091;315388.9657595069;338998.01229886647;364179.49107776326;391031.6227038025;419658.51876475126;450170.52537503536;482684.5863494361
Österreich;Geothermal;0.0;0.0;0.0;0.0;0.0;0.0;0.0;0.0;0.0;0.0;0.0;0.0;0.0;0.0;0.0;0.0;0.0;0.0;0.0;0.0;0.0
Österreich;Hydro;7173190.3875637185;8034130.074092332;8963230.7533049;9965156.175253492;11044866.062513683;12207634.04806176;13389106.543563563;14658207.203495393;16020745.163061498;17482891.40057547;19051200.39893319;20526847.257419527;22102430.800757155;23784255.580285013;25579006.760763753;27493772.42033966;29536067.12897124;31713856.877415136;34035585.432881;36510202.2016999;39147191.68381849
Österreich;Other RES;0.0;0.0;0.0;0.0;0.0;0.0;0.0;0.0;0.0;0.0;0.0;0.0;0.0;0.0;0.0;0.0;0.0;0.0;0.0;0.0;0.0
Österreich;Solar;0.0;0.0;0.0;0.0;0.0;0.0;0.0;0.0;0.0;0.0;0.0;0.0;0.0;0.0;0.0;0.0;0.0;0.0;0.0;0.0;0.0
Österreich;Wind;252610.52270569938;282929.30869653646;315648.4469796931;350932.1758194239;388955.1564256787;429903.1046530104;471509.74946876056;516202.3010044534;564185.3333200435;615676.1631146816;670905.6125554832;722871.8791831644;778357.5084422252;837584.5209292339;900788.340893838;968218.5815525795;1040139.8754249604;1116832.752230698;1198594.5670284468;1285740.481425394;1378604.5008444649
Belgien;Biomass;4649492.546471454;5207533.31204436;5809754.422808378;6459178.811368686;7159021.252728005;7912699.991194834;8678502.551129727;9501103.617080124;10384268.533247732;10578233.580122313;10978245.514381977;11265320.325246563;11552395.136111148;11839469.946975736;12126544.757840322;12413619.568704907;12700694.379569493;12987769.19043408;13274844.001298666;13561918.812163252;13848993.623027839
Belgien;Geothermal;0.0;0.0;0.0;0.0;0.0;0.0;0.0;0.0;0.0;0.0;0.0;0.0;0.0;0.0;0.0;0.0;0.0;0.0;0.0;0.0;0.0
Belgien;Hydro;763645.7690630974;855299.9582751842;954210.4519858218;1060873.7451718352;1175817.8415464854;1299604.163195671;1425381.735476281;1560488.054576963;1705541.5512490217;1861199.1774518443;2028158.712396827;2185253.591973426;2352987.562726693;2532031.7965753535;2723097.984902063;2926940.712570005;3144359.968042486;3376203.7972807894;3623371.109522817;3886814.643495847;4167544.103092372
Belgien;Other RES;0.0;0.0;0.0;0.0;0.0;0.0;0.0;0.0;0.0;0.0;0.0;0.0;0.0;0.0;0.0;0.0;0.0;0.0;0.0;0.0;0.0
Belgien;Solar;830520.0311272513;930200.5939761178;1037772.9130320529;1153776.9625086412;1278786.9846503083;1413413.5665998706;1550205.7776976458;1697143.675988699;1854899.8496646134;2024188.7815181476;2205769.3569328734;2376621.4058297863;2559044.236224058;2753767.796143182;2961566.1014636587;3183259.817825826;3419718.9905705503;3671865.9310451816;3940678.2680908507;4227192.174013473;4532505.774858131
Belgien;Wind;15696293.243822522;17580191.628623027;18569759.747485895;19662399.600341965;20755039.45319803;21847679.3060541;22821075.559043437;23794471.812032778;24767868.065022115;25741264.318011455;26714660.571000792;27413233.59167926;28111806.61235773;28810379.6330362;29508952.653714668;30207525.674393136;30906098.695071604;31604671.715750072;32303244.73642854;33001817.757107012;33700390.77778548
Kroatien;Biomass;8385.528801766879;9391.975605477304;10478.103267554352;11649.363756825414;12911.5550368547;14270.842035494847;15651.994786814841;17135.5857081781;18728.405734710646;20437.668799625997;22271.03715669611;23996.082577841924;25837.954948210583;27804.0243491715;29902.10580285799;32140.48534104019;34527.94756853346;37073.804805423475;39787.92789708115;42680.77878589104;45763.444943839204
Kroatien;Geothermal;0.0;0.0;0.0;0.0;0.0;2340.94443368226;2567.5044248324502;2810.8680540134537;3072.149285050477;3352.5314690561686;3653.2714982498037;3936.2425707651014;4238.377571786304;4560.885466482715;4905.048206719301;5272.225007313338;5663.856867449981;6081.471351082004;6526.687640908606;7001.221881340161;7506.892826712602
Kroatien;Hydro;3338365.9482831857;3739042.854617034;4171441.5367135587;4637732.479883193;4683849.926451738;4930429.129829236;5150098.284313547;5369767.438797857;5589436.593282168;5809105.747766478;6028774.902250788;6186423.901131484;6344072.900012179;6501721.898892875;6659370.897773571;6817019.896654267;6974668.895534962;7132317.894415659;7289966.893296355;7447615.89217705;7605264.8910577465
Kroatien;Other RES;0.0;0.0;0.0;0.0;0.0;0.0;0.0;0.0;0.0;0.0;0.0;0.0;0.0;0.0;0.0;0.0;0.0;0.0;0.0;0.0;0.0
Kroatien;Solar;0.0;0.0;0.0;0.0;0.0;5195.545657188147;5698.378087200762;6238.504896071669;6818.398440611664;7440.6850773654805;8108.154381693149;8736.186856861365;9406.752193592167;10122.533596853902;10886.376259957826;11701.296855380007;12570.493569694512;13497.356713302017;14485.479937346041;15538.672092011206;16660.969762299523
Kroatien;Wind;429182.1718137227;480693.41639264603;536282.8299999273;596229.4514269552;660830.027921686;730400.0884373225;801089.2663569207;877021.3618473853;958543.9437210041;1046026.2303773663;1139860.3858400623;1228150.4338294845;1322419.8356532485;1423045.8015748155;1439380.7249761438;1473455.5548337994;1507530.3846914554;1541605.2145491112;1575680.0444067672;1609754.8742644228;1643829.7041220788
Zypern;Biomass;0.0;0.0;0.0;0.0;0.0;16059.325756809674;17613.5705517695;19283.09151183328;21075.530641524016;22999.005955404242;25062.139974068687;27003.375557404954;29076.07934913968;31288.545081154367;33649.56718799767;36168.47014282243;38855.13947515966;41720.05456537355;44774.32331592095;48029.71880510963;51498.71803492739
Zypern;Geothermal;0.0;0.0;0.0;0.0;0.0;0.0;0.0;0.0;0.0;0.0;0.0;0.0;0.0;0.0;0.0;0.0;0.0;0.0;0.0;0.0;0.0
Zypern;Hydro;0.0;0.0;0.0;0.0;0.0;0.0;0.0;0.0;0.0;0.0;0.0;0.0;0.0;0.0;0.0;0.0;0.0;0.0;0.0;0.0;0.0
Zypern;Other RES;0.0;0.0;0.0;0.0;0.0;0.0;0.0;0.0;0.0;0.0;0.0;0.0;0.0;0.0;0.0;0.0;0.0;0.0;0.0;0.0;0.0
Zypern;Solar;0.0;0.0;0.0;0.0;0.0;83440.56682580376;91516.06567559273;100190.51299329608;109503.61487858077;119497.5506699107;130217.12100317719;140303.33507398368;151072.6277493628;162568.09135459492;174835.41975097684;187923.0607586105;201882.37731763002;216767.81788065494;232637.09655668834;249551.38355562344;267575.5065130603
Zypern;Wind;1196786.7257927344;1224486.3181070879;1301039.1230604881;1377591.928013889;1454144.7329672896;1530697.5379206904;1598895.8681414716;1667094.198362253;1735292.5285830342;1803490.8588038157;1871689.1890245967;1920632.785634148;1969576.3822436994;2018519.9788532504;2067463.5754628016;2116407.172072353;2165350.768681904;2214294.3652914553;2263237.9619010068;2312181.5585105577;2361125.1551201087
Tschechien;Biomass;6186017.340898346;6928474.677534359;7729712.704481725;8593753.34742999;9524873.772911882;10527621.857573386;11546500.3412171;12640947.618581252;13815973.37282878;15076899.333454605;16429377.956710938;17701946.585513078;19060698.63230365;19358574.300793435;19827966.856448166;20297359.412102893;20766751.967757627;21236144.523412358;21705537.079067085;22174929.63472182;22644322.190376546
Tschechien;Geothermal;0.0;0.0;0.0;0.0;0.0;0.0;0.0;0.0;0.0;0.0;0.0;0.0;0.0;0.0;0.0;0.0;0.0;0.0;0.0;0.0;0.0
Tschechien;Hydro;6548603.96838082;7334579.628181016;8182781.344040282;9097466.78241502;10083163.811267132;11144686.87604842;12223285.805471743;13381882.910647279;14625781.511826685;15960615.265847415;17392367.941490654;18739526.78592422;20177920.594947413;21713304.967908118;23351782.97667753;25099825.523904104;24784509.356034465;25344715.60327717;25904921.85051988;26465128.097762585;27025334.345005292
Tschechien;Other RES;0.0;0.0;0.0;0.0;0.0;0.0;0.0;0.0;0.0;0.0;0.0;0.0;0.0;0.0;0.0;0.0;0.0;0.0;0.0;0.0;0.0
Tschechien;Solar;2154499.1452849265;2413086.1503062397;2692145.6079664715;2993078.2960169613;3317373.8888525837;3666616.3452317254;4021476.783085073;4402656.723860675;4811900.966756127;5251062.992131472;5722111.467627458;6165328.463632912;6638561.880569844;7143705.318041385;7682766.694558657;8257874.945432553;8871287.104657441;9525395.792441238;10222737.131241769;10965999.114441253;10834019.355601609
Tschechien;Wind;2373785.1134896064;2658691.229328552;2822300.603609615;2988364.0399801955;3154427.476350777;3320490.912721358;3468431.2668088726;3616371.620896388;3764311.9749839036;3912252.3290714184;4060192.6831589337;4166364.3883794686;4272536.093600004;4378707.798820539;4484879.504041075;4591051.20926161;4697222.914482145;4803394.619702681;4909566.324923215;5015738.030143752;5121909.735364286
Dänemark;Biomass;1801044.6872699359;2017209.4291357717;2250488.033470016;2293482.468351875;2420931.324935198;2548380.18151852;2661920.0996550443;2775460.017791569;2888999.9359280933;3002539.8540646173;3116079.772201142;3197563.4673937573;3279047.1625863737;3360530.85777899;3442014.552971606;3523498.2481642216;3604981.943356838;3686465.6385494545;3767949.3337420705;3849433.0289346864;3930916.7241273024
Dänemark;Geothermal;0.0;0.0;0.0;0.0;0.0;0.0;0.0;0.0;0.0;0.0;0.0;0.0;0.0;0.0;0.0;0.0;0.0;0.0;0.0;0.0;0.0
Dänemark;Hydro;9703.896256795966;10868.575980885877;12125.463936742792;13480.869248233183;13616.002938006674;14332.811377721733;14971.392011135336;15609.97264454894;16248.553277962543;16887.133911376146;17525.71454478975;17984.001907886264;18442.289270982776;18900.576634079294;19358.863997175806;19817.15136027232;20275.438723368832;20733.726086465347;21192.013449561862;21650.300812658377;22108.58817575489
Dänemark;Other RES;0.0;0.0;0.0;0.0;0.0;0.0;0.0;0.0;0.0;0.0;0.0;0.0;0.0;0.0;0.0;0.0;0.0;0.0;0.0;0.0;0.0
Dänemark;Solar;171357.16221973434;191923.76836776902;214118.6422250578;238053.194047156;263845.9044459014;291622.75289940345;319846.42509146663;350163.4076204876;382712.472339682;417641.03501174465;455105.67277016427;490356.7457860258;527995.161921548;568171.5278061575;611045.5423744237;656786.5295800014;705574.0016502008;757598.2546034701;813060.9978479409;872176.01978035;935169.8914113803
Dänemark;Wind;9274514.33740966;9713069.365628537;10320313.965793015;10927558.565957494;11534803.166121973;12142047.76628645;12683021.644278409;13223995.522270372;13764969.400262333;14305943.278254295;14846917.156246256;15235155.507171087;15623393.858095916;16011632.209020747;16399870.55994558;16788108.910870407;17176347.261795238;17564585.61272007;17952823.9636449;18341062.31456973;18729300.66549456
Estland;Biomass;0.0;0.0;0.0;0.0;0.0;22688.31205367602;24884.119738870864;27242.787412451005;29775.11155404198;32492.56114126092;35407.31790831666;38149.858868715164;41078.13563038271;44203.86542104524;47539.47285169806;51098.13136186355;54893.80704091633;58941.30495946973;63256.318152276195;67855.47940196462;72756.41598124121
Estland;Geothermal;0.0;0.0;0.0;0.0;0.0;0.0;0.0;0.0;0.0;0.0;0.0;0.0;0.0;0.0;0.0;0.0;0.0;0.0;0.0;0.0;0.0
Estland;Hydro;133748.50236532083;138532.65457229927;147193.48085375928;155854.30713521925;164515.13341667925;173175.95969813925;180891.5997858849;188607.23987363052;196322.87996137614;204038.52004912175;211754.1601368674;217291.40972665328;222828.6593164392;228365.90890622512;233903.158496011;239440.4080857969;244977.6576755828;250514.90726536873;256052.15685515464;261589.40644494048;267126.6560347264
Estland;Other RES;0.0;0.0;0.0;0.0;0.0;0.0;0.0;0.0;0.0;0.0;0.0;0.0;0.0;0.0;0.0;0.0;0.0;0.0;0.0;0.0;0.0
Estland;Solar;0.0;0.0;0.0;0.0;0.0;2080.6386727347444;2282.005895509888;2498.3082438807087;2730.5358123498368;2979.7403670561766;3247.0390377022754;3498.5446045449908;3767.083130477722;4053.7291474923636;4359.622058382276;4685.969937492448;5034.053549367682;5405.230597586707;5800.940216754216;6222.707721344508;6672.1496258519455
Estland;Wind;3337439.944910631;3468870.2316898056;3685738.1070824186;3902605.982475031;4119473.857867644;4336341.733260257;4529542.060659204;4722742.38805815;4915942.715457096;5109143.042856042;5302343.370254988;5440996.60206338;5579649.833871772;5718303.065680164;5856956.297488555;5995609.529296948;6134262.76110534;6272915.992913732;6411569.224722124;6550222.456530516;6688875.688338907
Finnland;Biomass;6791234.269135255;7606330.870077071;8485959.04544023;9434534.211164514;9615599.704680348;10121808.689256664;10572773.320949476;11023737.95264229;11474702.584335102;11925667.216027915;12376631.847720727;12700273.657531817;13023915.467342904;13347557.277153991;13671199.08696508;13994840.896776168;14318482.706587255;14642124.516398342;14965766.32620943;15289408.136020519;15613049.945831606
Finnland;Geothermal;0.0;0.0;0.0;0.0;0.0;0.0;0.0;0.0;0.0;0.0;0.0;0.0;0.0;0.0;0.0;0.0;0.0;0.0;0.0;0.0;0.0
Finnland;Hydro;14491986.966910925;14901017.039003542;15832603.316551788;16764189.594100034;17695775.871648274;18627362.14919652;19457281.165541608;20287200.181886695;21117119.198231783;21947038.21457687;22776957.230921958;23372561.572305262;23968165.913688563;24563770.25507187;25159374.596455175;25754978.937838476;26350583.27922178;26946187.620605085;27541791.96198839;28137396.303371694;28733000.644755
Finnland;Other RES;0.0;0.0;0.0;0.0;0.0;0.0;0.0;0.0;0.0;0.0;0.0;0.0;0.0;0.0;0.0;0.0;0.0;0.0;0.0;0.0;0.0
Finnland;Solar;1487.5846822222331;1666.1273697574177;1858.8053643405651;2066.585839957634;2290.4973497255583;2531.63354587038;2776.6487053484334;3039.8362969096147;3322.401025863545;3625.6226369705932;3950.860406623687;4256.881792429842;4583.628165800051;4932.406972026209;5304.60458846048;5701.690949108113;6125.224434349359;6576.857040741958;7058.339846687945;7571.528790626675;8118.39077934256
Finnland;Wind;5034625.000185586;5121014.6377384;5441171.775412528;5761328.9130866565;6081486.050760784;6401643.188434913;6686860.460498703;6972077.7325624935;7257295.004626284;7542512.276690074;7827729.548753864;8032420.177758635;8237110.806763405;8441801.435768178;8646492.064772947;8851182.693777718;9055873.322782489;9260563.95178726;9465254.580792028;9669945.209796801;9874635.83880157
Frankreich;Biomass;4156177.067143248;4655009.1889766995;5193334.080325638;5773853.937837029;5841234.24019703;6148743.427789698;6422693.064698951;6696642.701608204;6970592.338517456;7244541.975426709;7518491.612335962;7715095.8470263565;7911700.081716752;8108304.316407146;8304908.55109754;8501512.785787934;8698117.020478329;8894721.255168723;9091325.489859119;9287929.724549513;9484533.959239908
Frankreich;Geothermal;2624.1529953411136;2939.108731233609;3278.9996582270005;3645.5319060916477;4040.5198795971924;4465.892820688062;4898.108392905321;5362.3807902925855;5860.835156436315;6395.729007218684;6969.460155188201;7509.292909449978;8085.685288749961;8700.943673706317;9357.513683936433;10057.988336005297;10805.116669071205;11601.812864603691;12451.165888016745;13356.4496816096;14321.133939841697
Frankreich;Hydro;112351964.22563386;125836656.48042062;140388938.050122;156081856.13559246;172993093.6844846;179318820.68162075;187308148.32126567;195297475.96091062;203286803.60055557;211276131.24020052;219265458.87984544;224999124.61492187;230732790.34999827;236466456.08507472;242200121.82015115;247933787.55522755;253667453.29030398;259401119.02538037;265134784.76045683;270868450.4955332;276602116.23060966
Frankreich;Other RES;0.0;0.0;0.0;0.0;0.0;1517.972770084448;1664.8843722601546;1822.6922027282203;1992.1186053124427;2173.930917648266;2368.944164704392;2552.435227806711;2748.3530368075003;2957.4815386388523;3180.652008061321;3418.745820579439;3672.6973843292153;3943.4972399025205;4232.195337572334;4539.904501909372;4867.804094336183
Frankreich;Solar;2783056.7140741935;3117084.3706048857;3477557.151003461;3866284.498515381;4285190.687900986;4736321.784978862;5194709.863845544;5687095.946136448;6215733.861996828;6783017.829577905;7391490.859262099;7964012.802110977;8575308.21209659;9227823.131075483;9924151.271422029;10667042.667975537;11459412.826005843;12304352.393169237;13205137.38498396;14165239.99499723;15188340.02254937
Frankreich;Wind;23383547.538518567;26190084.518582836;29218816.327807236;32484946.106657617;36004641.82257353;39795094.74481438;43646521.62342002;47783603.4530242;52225277.16153024;56991659.232254334;62104116.31714701;66914508.43016051;72050679.46368249;77533181.32948127;83383806.68320073;89625661.61896843;96283242.53160489;103382517.3814576;110951011.60996655;119017898.96787274;118543557.16501382
Deutschland;Biomass;1565387.3862047188;1753268.0993545435;1956023.4153538386;2174671.092704677;2410293.479252214;2664041.4267227445;2921871.2125894036;3198823.8734759223;3496167.1224196195;3815247.636573997;4157495.7843377623;4479522.505219441;4823358.158728444;5190378.571325298;5582042.629785017;5999897.147662395;6445582.010753049;6920835.617283612;7427500.629440347;7967530.0537695475;8542993.668958068
Deutschland;Geothermal;0.0;0.0;0.0;0.0;0.0;28879.204862145703;31674.176115564333;34676.446482169464;37899.75844514618;41358.71048821517;45068.80833947818;48559.69836473863;52287.00537167642;56265.64383339616;60511.42862785867;65041.12779218394;69872.5183013721;75024.44504199861;80516.88316093433;86371.00397915863;92609.24467130304
Deutschland;Hydro;17884070.93103005;20030550.473509606;22346967.792909544;24844950.468065698;27536863.991255198;30435856.49059348;33381482.74209351;36545581.97751705;39942637.429627724;43588034.47200565;47498114.62504732;51177171.17596155;50019874.668392755;51262858.99248444;52505843.31657612;53748827.6406678;54991811.964759484;56234796.28885117;57477780.61294286;58720764.93703454;59963749.26112622
Deutschland;Other RES;0.0;0.0;0.0;0.0;0.0;0.0;0.0;0.0;0.0;0.0;0.0;0.0;0.0;0.0;0.0;0.0;0.0;0.0;0.0;0.0;0.0
Deutschland;Solar;12770.430948655607;14303.161884785834;15957.239837157444;17740.967680054247;19663.17520764784;21733.25106880066;23836.626569289223;26096.006492154644;28521.732840883386;31124.79180825461;33916.85234026075;36543.94646334043;39348.957867877434;42343.11054670978;45538.30609875567;48947.16342963937;52583.06072836455;56460.179848388165;60593.553228593206;64999.113497197795;69693.74590959135
Deutschland;Wind;85228.50658197152;95457.79087187393;106496.93232431167;118401.34344481348;131229.95334655468;145045.420879858;159083.12668700772;174161.9895226728;190351.0308251868;207723.5712841456;226357.48821193728;243890.43676007743;262610.78644250176;282593.4450012683;303917.84244980535;326668.1960306928;350933.7903635446;376809.27363960474;404394.97076736204;433797.2144237961;465128.69501895516
Griechenland;Biomass;0.0;0.0;0.0;0.0;0.0;155724.55632608721;170795.8043213288;186984.86572527926;204365.84375882152;223017.45743140473;243023.31786184927;261847.14985313138;281945.806748887;303399.71145958535;326294.1421244814;350719.51657721796;376771.6931199171;404552.28852544306;434169.0142387218;465736.0318020148;499374.3285860403
Griechenland;Geothermal;0.0;0.0;0.0;0.0;0.0;0.0;0.0;0.0;0.0;0.0;0.0;0.0;0.0;0.0;0.0;0.0;0.0;0.0;0.0;0.0;0.0
Griechenland;Hydro;0.0;0.0;0.0;0.0;0.0;828795.2983269633;909007.3071010951;995168.5285068227;1087673.35378537;1186940.7402705054;1293415.6820196905;1393599.6467002677;1500568.4686438532;1614750.1736650465;1736598.6280167499;1866595.0523694605;2005249.6225874005;2153103.1621962106;2310728.931709434;2478734.520268488;2657763.8453541743
Griechenland;Other RES;0.0;0.0;0.0;0.0;0.0;0.0;0.0;0.0;0.0;0.0;0.0;0.0;0.0;0.0;0.0;0.0;0.0;0.0;0.0;0.0;0.0
Griechenland;Solar;0.0;0.0;0.0;0.0;0.0;485960.8688532743;532992.865240114;583513.1590935047;637753.0001691339;695958.0424545925;758389.2064681739;817131.6807795236;879852.4295058375;946802.4239028343;1018247.7866657662;1094470.679645234;1175770.2424559842;1262463.5848486964;1354886.8358745398;1453396.2530408455;1558369.3948340958
Griechenland;Wind;0.0;0.0;0.0;0.0;0.0;1089404.4429385534;1194838.5819979333;1308092.6238559044;1429684.9734446784;1560166.3264326898;1700121.602285891;1831807.745359501;1972412.198734757;2122497.57808414;2282660.464871625;2453533.396392647;2635786.9699035934;2830132.0672746515;3037322.206958057;3258156.0304416167;3493479.930756137
Island;Biomass;0.0;0.0;0.0;0.0;0.0;0.0;0.0;0.0;0.0;0.0;0.0;0.0;0.0;0.0;0.0;0.0;0.0;0.0;0.0;0.0;0.0
Island;Geothermal;0.0;0.0;0.0;0.0;0.0;771.9146327164401;846.6216483297277;926.8695789225528;1013.0257484538363;1105.4803609909416;1204.6478704106232;1297.9561558902737;1397.5836502418626;1503.9290036388848;1617.4149332500047;1738.4896333131394;1867.6282660494624;2005.3345379761347;2152.142366430351;2308.617641385048;2475.360087919139
Island;Hydro;0.0;0.0;0.0;0.0;0.0;2110.4983361580116;2314.7554203854756;2534.1619671952913;2769.722280135124;3022.503219450953;3293.6379469980266;3548.752920737486;3821.1452969833967;4111.905028552054;4422.187870035121;4753.219233095111;5106.298262786014;5482.802147363269;5884.190674741285;6312.011049488694;6767.90298502399
Island;Other RES;0.0;0.0;0.0;0.0;0.0;0.0;0.0;0.0;0.0;0.0;0.0;0.0;0.0;0.0;0.0;0.0;0.0;0.0;0.0;0.0;0.0
Island;Solar;0.0;0.0;0.0;0.0;0.0;0.0;0.0;0.0;0.0;0.0;0.0;0.0;0.0;0.0;0.0;0.0;0.0;0.0;0.0;0.0;0.0
Island;Wind;0.0;0.0;0.0;0.0;0.0;1.57619972315431;1.7287466141401227;1.892607694916631;2.0685330172354397;2.257319352548838;2.4598129888504876;2.650342469064468;2.853775364827719;3.0709256939946346;3.3026566176661722;3.5498833194698776;3.813576049909788;4.094763345095013;4.394535429673988;4.714047814348123;5.054525098915485
Irland;Biomass;0.0;0.0;0.0;0.0;0.0;51327.98477646253;56295.581447871125;61631.617824479414;67360.51888512887;73508.23100728205;80102.31304443775;86306.78961947458;92931.45806940402;100002.82639027771;107549.00289806526;115599.78999065589;124186.78328526039;133343.4764343487;143105.3719401327;153510.0983054092;164597.53387736305
Irland;Geothermal;0.0;0.0;0.0;0.0;0.0;0.0;0.0;0.0;0.0;0.0;0.0;0.0;0.0;0.0;0.0;0.0;0.0;0.0;0.0;0.0;0.0
Irland;Hydro;939463.7172710387;1052219.904483719;1173903.0511244899;1305123.9626681288;1446532.2077383203;1598818.46740886;1652576.4038694778;1723064.390955945;1793552.3780424125;1864040.36512888;1934528.352215347;1985115.1568278747;2035701.9614404025;2086288.76605293;2136875.5706654578;2187462.375277986;2238049.1798905134;2288635.984503041;2339222.789115569;2389809.593728096;2440396.3983406243
Irland;Other RES;0.0;0.0;0.0;0.0;0.0;0.0;0.0;0.0;0.0;0.0;0.0;0.0;0.0;0.0;0.0;0.0;0.0;0.0;0.0;0.0;0.0
Irland;Solar;0.0;0.0;0.0;0.0;0.0;0.0;0.0;0.0;0.0;0.0;0.0;0.0;0.0;0.0;0.0;0.0;0.0;0.0;0.0;0.0;0.0
Irland;Wind;1568559.8735500036;1756821.354546908;1959987.5839596277;2179078.382927252;2415178.29283174;2669440.4977693586;2927792.813547852;3205306.7596597713;3503252.6183490134;3822979.7960080295;4165921.559887076;4488600.915193847;4833133.402131576;5200897.635475094;5593355.458647637;6012056.820048745;6458644.928943343;6934861.706677281;7442553.5498622535;7983677.423099031;8560307.29978483
Italien;Biomass;0.0;0.0;0.0;0.0;0.0;0.0;0.0;0.0;0.0;0.0;0.0;0.0;0.0;0.0;0.0;0.0;0.0;0.0;0.0;0.0;0.0
Italien;Geothermal;8195995.098905991;8335753.012281115;8856890.133253887;9378027.25422666;9899164.375199432;10420301.496172206;10884565.104645373;11348828.71311854;11813092.32159171;12277355.930064877;12741619.538538044;13074805.566700965;13407991.594863886;13741177.623026807;14074363.651189726;14407549.679352647;14740735.707515568;15073921.735678487;15407107.763841406;15740293.792004328;16073479.820167247
Italien;Hydro;51673427.22055657;57875368.313637584;64568319.94797531;68345837.75179066;72143817.02300549;75941796.29422028;79325288.83466552;82708781.37511075;86092273.91555598;89475766.4560012;92859258.99644645;95287475.25181329;97715691.50718014;100143907.76254699;102572124.01791382;105000340.27328068;107428556.52864753;109856772.78401437;112284989.03938122;114713205.29474807;117141421.55011491
Italien;Other RES;0.0;0.0;0.0;0.0;0.0;0.0;0.0;0.0;0.0;0.0;0.0;0.0;0.0;0.0;0.0;0.0;0.0;0.0;0.0;0.0;0.0
Italien;Solar;12912879.891970066;14462707.815908689;16135236.33251125;17938860.93123429;19882509.89899836;21975676.611210752;24102514.406640086;26387096.790084332;28839881.1258564;31471976.153230462;34295180.9805273;36951579.26595866;39787879.42748184;39527113.661946215;40485538.2138346;41443962.76572299;42402387.31761137;43360811.86949975;44319236.421388134;45277660.97327652;46236085.5251649
Italien;Wind;24094458.189342584;26986319.991390027;28519866.535762113;30197968.094363526;31876069.65296493;33554171.21156634;35049135.69140703;36544100.17124773;38039064.65108842;39534029.13092911;41028993.61076981;42101878.21381005;43174762.8168503;44247647.419890545;45320532.02293079;46393416.625971034;47466301.22901128;48539185.83205152;49612070.43509177;50684955.03813201;51757839.64117227
Litauen;Biomass;0.0;0.0;0.0;0.0;0.0;22739.190356951312;24939.922117990904;27303.879079242073;29841.881931323387;32565.425370914716;35486.71844963688;38235.409529550576;41170.25292133153;44302.99212846672;47646.0796240121;51212.71838879084;55016.90583098742;59073.48022143169;63398.16978634292;68007.64460719167;72919.57148565947
Litauen;Geothermal;0.0;0.0;0.0;0.0;0.0;0.0;0.0;0.0;0.0;0.0;0.0;0.0;0.0;0.0;0.0;0.0;0.0;0.0;0.0;0.0;0.0
Litauen;Hydro;199390.14744260113;223321.32475161858;249147.14442293133;276997.2427494963;307009.4830476604;339330.45426876727;372171.3468632118;407448.0025814289;445321.8955043098;485964.5577130251;529558.1814038511;570576.1146789683;614371.9458280877;661120.9198054216;711008.8613159187;764232.794677952;821001.5992228987;881536.7022356453;946072.8115516092;1014858.6900435805;1088157.9743558697
Litauen;Other RES;0.0;0.0;0.0;0.0;0.0;0.0;0.0;0.0;0.0;0.0;0.0;0.0;0.0;0.0;0.0;0.0;0.0;0.0;0.0;0.0;0.0
Litauen;Solar;0.0;0.0;0.0;0.0;0.0;4219.239529159482;4627.583638755999;5066.21406048927;5537.1385652989775;6042.489985438432;6584.533701178586;7094.551246912118;7639.109212966055;8220.386597508106;8840.69394747195;9502.481065938406;10208.34516138283;10961.039463706844;11763.482333359807;12618.766891318797;13530.171199240287
Litauen;Wind;6448.211086349476;7222.1374052405545;8057.335828304868;8957.99875016251;9928.584624635154;10973.834089679658;12035.897639103892;13176.732958246346;14401.56206520529;15715.932250464512;17125.735549086643;18452.241875884436;19868.584496489286;21380.430774464916;22993.790218996885;24715.03453104588;26550.91879875229;28508.603906901724;30595.680228869216;32820.1926732662;35190.66716153073
Luxemburg;Biomass;15720.397032938743;17607.188399456536;19643.35791004376;21839.126400691068;24205.363345627997;26753.626169056894;29342.88083947328;32124.17691150866;35110.2453886489;38314.61027122438;41751.636028585795;44985.58818131721;48438.55645925029;52124.35759452339;56057.642452175685;60253.9449016069;64729.73348985078;69502.46607466503;74590.64758423611;80013.89107957762;85792.98230549268
Luxemburg;Geothermal;0.0;0.0;0.0;0.0;0.0;0.0;0.0;0.0;0.0;0.0;0.0;0.0;0.0;0.0;0.0;0.0;0.0;0.0;0.0;0.0;0.0
Luxemburg;Hydro;42511.262757747594;47613.54378684787;53119.7747619638;59057.5949751242;65456.39777269575;72347.43686258662;79349.32653561223;86870.53658378393;94945.49432043375;103610.77148928912;112905.21263922894;121650.50001477613;130988.05309627994;140955.2352358972;151591.6654567355;162939.35061156793;175042.8251182417;187949.2986990539;201708.81257515182;216374.4045921118;232002.28377932994
Luxemburg;Other RES;0.0;0.0;0.0;0.0;0.0;0.0;0.0;0.0;0.0;0.0;0.0;0.0;0.0;0.0;0.0;0.0;0.0;0.0;0.0;0.0;0.0
Luxemburg;Solar;876.2601778373064;981.4305583882937;1094.9273265497861;1217.320195131457;1349.2150322549207;1491.2560526029022;1635.5819721844002;1790.612343592541;1957.0567972110346;2135.669165332397;2327.2501282728667;2507.511700708485;2699.981305066983;2905.42909060956;3124.6717014437263;3358.575000634786;3608.0569504913415;3874.090657831966;4157.707593530425;4460.00099615415;4782.129470056421
Luxemburg;Wind;103157.83767867263;115539.03372053738;117047.12049013244;123934.14273751932;130821.16498490618;137708.18723229304;143843.6047098246;149979.02218735614;156114.43966488767;162249.8571424192;168385.27461995077;172788.45277811616;177191.63093628152;181594.80909444691;185997.98725261225;190401.16541077764;194804.34356894303;199207.5217271084;203610.6998852738;208013.87804343915;212417.05620160454
Niederlande;Biomass;8010102.142062218;8246197.561637909;8761735.827936502;9277274.094235094;9792812.360533688;10308350.62683228;10767626.403178848;11226902.179525416;11686177.955871984;12145453.732218554;12604729.50856512;12934335.94111668;13263942.373668239;13593548.806219798;13923155.238771357;14252761.671322916;14582368.103874477;14911974.536426034;15241580.968977595;15571187.401529154;15900793.834080713
Niederlande;Geothermal;0.0;0.0;0.0;0.0;0.0;0.0;0.0;0.0;0.0;0.0;0.0;0.0;0.0;0.0;0.0;0.0;0.0;0.0;0.0;0.0;0.0
Niederlande;Hydro;270614.9591373818;303094.67116253835;306912.93374307005;324971.6112555808;343030.28876809165;361088.96628060244;377176.8373011156;393264.70832162874;409352.57934214186;425440.450362655;441528.3213831681;453074.03323542915;464619.7450876901;476165.4569399511;487711.16879221215;499256.8806444732;510802.59249673417;522348.30434899515;533894.0162012562;545439.7280535172;556985.4399057782
Niederlande;Other RES;0.0;0.0;0.0;0.0;0.0;0.0;0.0;0.0;0.0;0.0;0.0;0.0;0.0;0.0;0.0;0.0;0.0;0.0;0.0;0.0;0.0
Niederlande;Solar;1748513.8043459794;1958373.691686271;2184848.2832497265;2429074.3997403113;2692261.007171832;2975693.5893471525;3263685.5226745526;3573037.415361325;3905165.283510088;4261573.344935324;4643859.299294309;5003558.22864051;5387617.4026730945;5797573.598537338;6235056.370481323;6701793.4856233625;7199616.6713534035;7730467.69194239;8296404.772911892;8899609.392748486;9542393.462636461
Niederlande;Wind;31103081.98932942;32186890.585411973;34199160.318936266;36211430.05246056;38223699.78598485;40235969.519509144;42028633.23527645;43821296.95104376;45613960.666811064;47406624.38257837;49199288.09834568;50485821.206664495;51772354.31498331;53058887.423302114;54345420.53162093;55631953.63993973;56918486.74825854;58205019.85657735;59491552.96489616;60778086.07321497;62064619.18153378
Norwegen;Biomass;30299.337745268665;33935.920762173075;37860.41373640476;42092.516206154185;46653.17788853754;51564.67444864384;56555.17828916896;61915.820827624964;67671.13967420366;73847.20085337115;80471.6903012699;86704.77769227774;93359.9945966332;100463.97124719352;108044.94557631826;116132.8574102375;124759.44806360788;133958.3656387897;132679.09326396915;135548.34171620803;138417.5901684469
Norwegen;Geothermal;0.0;0.0;0.0;0.0;0.0;0.0;0.0;0.0;0.0;0.0;0.0;0.0;0.0;0.0;0.0;0.0;0.0;0.0;0.0;0.0;0.0
Norwegen;Hydro;57927796.92175374;59831919.74616698;63572509.75079558;67313099.75542416;71053689.76005276;74794279.76468135;78126646.12946056;81459012.49423975;84791378.85901897;88123745.22379817;91456111.58857736;93847636.345635;96239161.1026926;98630685.85975023;101022210.61680786;103413735.3738655;105805260.1309231;108196784.88798073;110588309.64503837;112979834.40209599;115371359.15915361
Norwegen;Other RES;0.0;0.0;0.0;0.0;0.0;0.0;0.0;0.0;0.0;0.0;0.0;0.0;0.0;0.0;0.0;0.0;0.0;0.0;0.0;0.0;0.0
Norwegen;Solar;0.0;0.0;0.0;0.0;0.0;0.0;0.0;0.0;0.0;0.0;0.0;0.0;0.0;0.0;0.0;0.0;0.0;0.0;0.0;0.0;0.0
Norwegen;Wind;1719108.1913020606;1797976.2390140265;1910382.6598132928;2022789.080612559;2135195.501411826;2247601.922211092;2347741.038070672;2447880.153930253;2548019.269789833;2648158.385649414;2748297.5015089945;2820163.901692132;2892030.30187527;2963896.7020584075;3035763.102241545;3107629.502424682;3179495.9026078195;3251362.302790957;3323228.7029740945;3395095.103157232;3466961.5033403696
Portugal;Biomass;0.0;0.0;0.0;0.0;0.0;340970.15739580273;373969.7428325912;409416.861419569;447473.76750816306;488312.82205206767;532117.0976315923;573333.2366162464;617340.6967552867;664315.5698166905;714444.5784423465;767925.6990060264;824968.8201799685;885796.4392237894;950644.3981215429;1019762.6618110118;1093416.1408741241
Portugal;Geothermal;0.0;0.0;0.0;0.0;0.0;20556.960970674703;22546.493412615197;24683.586696323047;26978.02307487015;29440.19412453116;32081.13722147109;34566.04254849625;37219.23556517024;40051.33277714039;43073.59162139464;46297.94801813145;49737.05607548846;53404.33006853584;57313.98882069925;61481.10262290764;65921.64283328514
Portugal;Hydro;0.0;0.0;0.0;0.0;0.0;1189406.6946312268;1304519.1963772653;1428169.4315613294;1560923.392272857;1703382.3254766339;1856184.8435201063;1999959.1609255217;2153470.447962678;2317332.965801236;2492198.059303744;2678756.3297419995;2877739.932075821;3089925.0038186694;3316134.232905613;3557239.572391704;3814165.1102441405
Portugal;Other RES;0.0;0.0;0.0;0.0;0.0;0.0;0.0;0.0;0.0;0.0;0.0;0.0;0.0;0.0;0.0;0.0;0.0;0.0;0.0;0.0;0.0
Portugal;Solar;0.0;0.0;0.0;0.0;0.0;100215.39233248837;109914.38307882026;120332.73441895413;131518.13493540435;143521.24366745222;156395.86793536635;168509.80649915314;181444.1492494802;195250.65175859208;209984.19414549146;225702.9641416843;242468.65065213267;260346.64840327168;279406.27430289425;299720.99617147085;321368.67454114795
Portugal;Wind;0.0;0.0;0.0;0.0;0.0;1313664.4136693454;1440802.7573450601;1577370.774354173;1723993.586170835;1881335.2522332775;2050101.100936537;2208895.569832355;2378444.232865412;2559425.5232771942;2752558.832147992;2958606.9080976765;3178378.3945619585;3412730.512402424;3662571.8960405323;3928865.5917614456;4212632.227314347
Serbien;Biomass;15636.435351590388;17513.14948054513;19538.44393401637;21722.484959133373;24076.083976927035;26610.736684102227;29186.162303311336;31952.603642731094;34922.72371033456;38109.97427559154;41528.643088098375;44745.32289970668;48179.84908475558;51845.96458106009;55758.24200428317;59932.13225837593;64384.01593286723;69131.25764416173;74192.26348675352;79586.54176949407;85334.76722179179
Serbien;Geothermal;0.0;0.0;0.0;0.0;0.0;0.0;0.0;0.0;0.0;0.0;0.0;0.0;0.0;0.0;0.0;0.0;0.0;0.0;0.0;0.0;0.0
Serbien;Hydro;0.0;0.0;0.0;0.0;0.0;1804618.6928589568;1979272.3024025515;2166879.726168359;2368299.71155474;2584444.496164339;2816283.0099560106;3034423.551718552;3267337.4401324573;3515956.658508457;3781269.455121725;4064323.6397500494;4366230.069203401;4688166.332502713;5031380.646958948;5397195.97702955;5787014.388489814
Serbien;Other RES;0.0;0.0;0.0;0.0;0.0;0.0;0.0;0.0;0.0;0.0;0.0;0.0;0.0;0.0;0.0;0.0;0.0;0.0;0.0;0.0;0.0
Serbien;Solar;567.8282961611458;635.9801071247317;709.5275284442736;788.8397416279576;874.3093573088994;966.3538352038654;1059.8789583129844;1160.3407091450058;1268.1989376644467;1383.9421372629693;1508.0891594771829;1624.9010654935837;1749.6239392129319;1882.7568476404806;2024.8289870627523;2176.4014483081496;2338.0690832104297;2510.4624779821675;2694.2500395230527;2890.1402010230718;3098.8837535742846
Serbien;Wind;0.0;0.0;0.0;0.0;0.0;64315.37669792458;70539.91196063587;77226.1123078735;84404.58290993328;92107.83529142936;100370.40145380024;108144.78125606228;116445.67303491599;125306.29203851496;134761.85875988653;144849.71642329896;155609.45520615292;167083.04357623402;179314.96714530786;192352.37546234846;206245.23719322987
Slowakei;Biomass;0.0;0.0;0.0;0.0;0.0;159589.4235870293;175034.71903074378;191625.5704598621;209437.92023431545;228552.44106006445;249054.81916780255;268345.8325317914;288943.31018425967;310929.6710206453;334392.30966520874;359423.887996677;386122.64338712906;414592.7145966346;444944.48631862295;477294.95342631836;511768.1060289869
Slowakei;Geothermal;0.0;0.0;0.0;0.0;0.0;0.0;0.0;0.0;0.0;0.0;0.0;0.0;0.0;0.0;0.0;0.0;0.0;0.0;0.0;0.0;0.0
Slowakei;Hydro;0.0;0.0;0.0;0.0;0.0;1055583.8431491605;1157744.7756006732;1267482.8416894642;1385300.3524481324;1511730.907178444;1647341.2665006667;1774939.208565395;1911178.5916703448;2056604.565064376;2211795.1893186346;2377363.364585658;2553958.8694060873;2742270.5162970945;2943028.4307036884;3157006.4602601985;3385024.7216956
Slowakei;Other RES;0.0;0.0;0.0;0.0;0.0;0.0;0.0;0.0;0.0;0.0;0.0;0.0;0.0;0.0;0.0;0.0;0.0;0.0;0.0;0.0;0.0
Slowakei;Solar;0.0;0.0;0.0;0.0;0.0;110218.78198546077;120885.91526377256;132344.21491495182;144646.12974308967;157847.37551675388;172007.13054342676;185330.2690600879;199555.70360205657;214740.35592557193;230944.58422243365;248232.38445916763;266671.6032590189;286334.16297770734;307296.29966011713;329638.81460332364;353447.34029170044
Slowakei;Wind;0.0;0.0;0.0;0.0;0.0;454.67795664102727;498.6823474973887;545.9504825477837;596.6987252344748;651.1569159834655;709.5691789942691;764.5302054879202;823.2134116834505;885.8536129848142;952.6998008871057;1024.0159735471643;1100.0820139710108;1181.194618503374;1267.668278454046;1359.8363178535271;1458.0519904968207
Slowenien;Biomass;0.0;0.0;0.0;0.0;0.0;31326.914599795862;34358.77874504104;37615.51201831125;41112.02167204588;44864.14351110818;48888.69747989661;52675.46426314551;56718.68598101954;61034.54121002312;65640.1852469745;70553.80733459599;75794.69116786217;81383.27886611846;87341.23860628075;93691.53612329398;100458.51029549279
Slowenien;Geothermal;0.0;0.0;0.0;0.0;0.0;0.0;0.0;0.0;0.0;0.0;0.0;0.0;0.0;0.0;0.0;0.0;0.0;0.0;0.0;0.0;0.0
Slowenien;Hydro;2453728.681628274;2748229.7735900613;3066046.653043958;3408774.646009269;3778110.3216385012;4175857.628215633;4580003.174637177;5014123.631630337;5480206.12638622;5980361.561538613;6516832.024890283;7021605.608887171;7560564.471221525;8135865.205767095;8749794.60258917;9404777.276079033;10103383.730411408;10848338.886986827;10790084.411339391;11023425.115101721;11256765.818864051
Slowenien;Other RES;0.0;0.0;0.0;0.0;0.0;0.0;0.0;0.0;0.0;0.0;0.0;0.0;0.0;0.0;0.0;0.0;0.0;0.0;0.0;0.0;0.0
Slowenien;Solar;0.0;0.0;0.0;0.0;0.0;35726.931118083405;39184.63523163397;42898.79242874438;46886.40375748674;51165.52923803148;55755.35125723698;60073.987731773836;64685.099475621275;69607.13742452404;74859.66641962802;80463.4304706811;86440.42176079038;92813.95360373391;99608.73757656982;106850.96506267996;114568.39345345972
Slowenien;Wind;0.0;0.0;0.0;0.0;0.0;1097.042163351595;1203.215492049263;1317.2635482083188;1439.7083712531573;1571.1045177319586;1712.0410079305075;1844.6503911740904;1986.2406102222055;2137.3782251971966;2298.664000144132;2470.7349070227674;2654.266244588906;2849.973878644101;3058.616610493344;3280.9986808309004;3517.9724166759797
Spanien;Biomass;2980419.6199909137;3338135.140522386;3724171.164057028;4140465.4520938285;4589078.741024166;5072202.195217304;5076260.939189326;5292780.680540647;5509300.421891968;5725820.163243289;5942339.9045946095;6097728.677961882;6253117.451329155;6408506.224696428;6563894.998063701;6719283.771430974;6874672.544798247;7030061.318165519;7185450.091532793;7340838.864900066;7496227.638267338
Spanien;Geothermal;0.0;0.0;0.0;0.0;0.0;0.0;0.0;0.0;0.0;0.0;0.0;0.0;0.0;0.0;0.0;0.0;0.0;0.0;0.0;0.0;0.0
Spanien;Hydro;31063312.177982267;34791588.830922976;38815034.868712805;40124781.80629872;42354516.55789809;44584251.30949745;46570647.32708153;48557043.3446656;50543439.36224968;52529835.37983375;54516231.39741783;55941799.517292835;57367367.63716784;58792935.75704285;60218503.87691785;61644071.99679286;63069640.11666787;64495208.23654287;65920776.35641789;67346344.47629288;68771912.59616789
Spanien;Other RES;0.0;0.0;0.0;0.0;0.0;0.0;0.0;0.0;0.0;0.0;0.0;0.0;0.0;0.0;0.0;0.0;0.0;0.0;0.0;0.0;0.0
Spanien;Solar;10178586.87315111;11400239.850195719;12718611.657761913;14140320.046459235;15672402.744881885;16388768.48266512;17118949.73480916;17849130.986953203;18579312.239097238;19309493.49124128;20039674.74338532;20563700.720870394;21087726.698355474;21611752.67584055;22135778.65332562;22659804.6308107;23183830.608295776;23707856.58578085;24231882.563265927;24755908.540751003;25279934.51823608
Spanien;Wind;54034545.68684865;60519872.62115183;61953903.12204127;65599254.73195055;69244606.34185982;72889957.9517691;76137479.6201754;79385001.2885817;82632522.956988;85880044.62539431;89127566.29380059;91458200.92964424;93788835.56548786;96119470.20133151;98450104.83717515;100780739.47301878;103111374.10886243;105442008.74470605;107772643.3805497;110103278.01639333;112433912.65223697
Schweden;Biomass;1041320.5024707288;1166301.730980608;1301177.7810852982;1446625.6818730058;1603365.4282867708;1772162.58513723;1943675.0455905679;2127908.345626396;2325705.788051831;2537963.203855743;2765632.0967699173;2979849.3759895526;3208574.3028892265;3452722.0990388948;3713263.2390463063;3991226.687806861;4287703.323345856;4603849.555719235;4940891.153021585;5300127.286164872;5682934.804739935
Schweden;Geothermal;0.0;0.0;0.0;0.0;0.0;0.0;0.0;0.0;0.0;0.0;0.0;0.0;0.0;0.0;0.0;0.0;0.0;0.0;0.0;0.0;0.0
Schweden;Hydro;31162042.351784337;34902168.78429195;38938402.75417087;43291004.69907695;47981520.83158821;53032861.065602906;58165458.13233153;63678732.753069006;69597921.1905494;69014345.30851422;71624096.88465631;73497025.85491599;75369954.82517569;77242883.79543538;79115812.76569507;80988741.73595476;82861670.70621446;84734599.67647414;86607528.64673385;88480457.61699353;90353386.58725321
Schweden;Other RES;0.0;0.0;0.0;0.0;0.0;0.0;0.0;0.0;0.0;0.0;0.0;0.0;0.0;0.0;0.0;0.0;0.0;0.0;0.0;0.0;0.0
Schweden;Solar;0.0;0.0;0.0;0.0;0.0;0.0;0.0;0.0;0.0;0.0;0.0;0.0;0.0;0.0;0.0;0.0;0.0;0.0;0.0;0.0;0.0
Schweden;Wind;9118025.13077097;10212387.509811653;11393391.063929478;12666964.004684554;14039410.761855315;15517434.78473144;17019234.586947333;18632420.782422986;19231913.482714485;19987742.465360217;20743571.448005952;21286003.91977852;21828436.391551092;22370868.86332366;22913301.33509623;23455733.806868795;23998166.27864137;24540598.75041394;25083031.22218651;25625463.69395908;26167896.165731646
Schweiz;Biomass;708645.5664792375;793698.5288155321;885485.173469258;984466.2362663177;1091131.6924094104;1107426.1487175608;1156766.1471916954;1206106.14566583;1255446.1441399641;1304786.1426140987;1354126.1410882333;1389535.7614442762;1424945.381800319;1460355.002156362;1495764.6225124046;1531174.2428684477;1566583.8632244905;1601993.4835805334;1637403.1039365763;1672812.7242926194;1708222.344648662
Schweiz;Geothermal;0.0;0.0;0.0;0.0;0.0;0.0;0.0;0.0;0.0;0.0;0.0;0.0;0.0;0.0;0.0;0.0;0.0;0.0;0.0;0.0;0.0
Schweiz;Hydro;22183388.533350796;24845880.191617254;26071741.08178242;27605795.572883576;29139850.063984733;30673904.55508589;32040542.326549307;33407180.09801273;34773817.869476154;36140455.64093956;37507093.41240299;38487882.34933651;39468671.28627004;40449460.22320357;41430249.160137095;42411038.09707062;43391827.034004144;44372615.97093767;45353404.907871194;46334193.84480472;47314982.781738244
Schweiz;Other RES;0.0;0.0;0.0;0.0;0.0;0.0;0.0;0.0;0.0;0.0;0.0;0.0;0.0;0.0;0.0;0.0;0.0;0.0;0.0;0.0;0.0
Schweiz;Solar;454836.6553212472;509426.99884996476;568339.2850932509;597994.5556391947;631225.1224348657;664455.6892305367;694059.6883150174;723663.6873994982;753267.6864839788;782871.6855684594;812475.6846529403;833721.456866566;854967.2290801917;876213.0012938174;897458.7735074431;918704.5457210689;939950.3179346946;961196.0901483203;982441.862361946;1003687.6345755717;1024933.4067891976
Schweiz;Wind;77041.82140209382;86288.52447057875;96267.29329240695;107028.21768524154;118624.56628412857;131112.97919869117;143802.28313069663;157432.7350079059;172066.72636500935;187770.5350203034;204614.55772521428;220463.366355913;237385.5194553685;255448.7294488799;274724.7966431039;295289.84873312816;317224.59404054703;320398.6967161066;327480.62078731525;334562.54485852376;341644.46892973233
